{"cameraMode":{"drawMode":0,"name":"Shaded","section":"Shading Mode"},"sceneLighting":true,"audioPlay":false,"sceneViewState":{"showFog":true,"showMaterialUpdate":false,"showSkybox":true,"showFlares":true,"showImageEffects":true,"showParticleSystems":true},"in2DMode":false,"pivot":{"x":0.9300000071525574,"y":0.11999999731779099,"z":0.0},"rotation":{"x":0.014996121637523175,"y":0.020996244624257089,"z":-0.0003150367410853505,"w":0.9996675848960877},"size":9.434553146362305,"orthographic":true}