{"cameraMode":{"drawMode":0,"name":"Shaded","section":"Shading Mode"},"sceneLighting":false,"audioPlay":false,"sceneViewState":{"showFog":true,"showMaterialUpdate":false,"showSkybox":false,"showFlares":true,"showImageEffects":true,"showParticleSystems":true},"in2DMode":false,"pivot":{"x":3.49399995803833,"y":0.9769999980926514,"z":0.0},"rotation":{"x":-0.02386077120900154,"y":0.6057100892066956,"z":0.018176723271608354,"w":0.7951213121414185},"size":0.7382950186729431,"orthographic":true}