{"cameraMode":{"drawMode":0,"name":"Shaded","section":"Shading Mode"},"sceneLighting":false,"audioPlay":false,"sceneViewState":{"showFog":true,"showMaterialUpdate":false,"showSkybox":false,"showFlares":true,"showImageEffects":true,"showParticleSystems":true},"in2DMode":false,"pivot":{"x":3.450000047683716,"y":0.5299999713897705,"z":0.0},"rotation":{"x":0.12073099613189697,"y":0.3700719177722931,"z":-0.04856334254145622,"w":0.9198588728904724},"size":0.6940138936042786,"orthographic":false}