{"cameraMode":{"drawMode":0,"name":"Shaded","section":"Shading Mode"},"sceneLighting":false,"audioPlay":false,"sceneViewState":{"showFog":true,"showMaterialUpdate":false,"showSkybox":false,"showFlares":true,"showImageEffects":true,"showParticleSystems":true},"in2DMode":false,"pivot":{"x":-1.4800000190734864,"y":-2.740000009536743,"z":4.559999942779541},"rotation":{"x":0.09883140027523041,"y":0.011941197328269482,"z":-0.0011860256781801582,"w":0.9950331449508667},"size":1.755142092704773,"orthographic":true}