{"cameraMode":{"drawMode":0,"name":"Shaded","section":"Shading Mode"},"sceneLighting":true,"audioPlay":false,"sceneViewState":{"showFog":true,"showMaterialUpdate":false,"showSkybox":true,"showFlares":true,"showImageEffects":true,"showParticleSystems":true},"in2DMode":false,"pivot":{"x":3.12469482421875,"y":-1.222900390625,"z":-0.96484375},"rotation":{"x":0.014996121637523175,"y":0.020996244624257089,"z":-0.0003150367410853505,"w":0.9996675848960877},"size":11.48142147064209,"orthographic":true}